{
  "BLEU": 61.11951263545594,
  "ROUGE1_F1": 0.775,
  "ROUGE2_F1": 0.5833333333333333,
  "ROUGEL_F1": 0.775
}